Ariyalur,"K.K.C. College of Engineering and Technology, Jayankondam, Ariyalur"
Ariyalur,"Meenakshi Ramaswamy Engineering College, Udayarpalayam, Ariyalur"
Chennai,"Aalim Muhammed Salegh College of Engineering, Chennai"
Chennai,"Aarupadai Veedu Institute of Technology, Chennai"
Chennai,"Agni College of Technology, Chennai"
Chennai,"Alpha College of Engineering, Chennai"
Chennai,"Annai Velilankanni's College Of Engineering, Chennai"
Chennai,"Asan Memorial College of Engineering and Technology, Chengalpattu, Chennai"
Chennai,"B.S. Abdur Rahman University (B.S. Abdur Rahman Crescent Engineering College), Chennai"
Chennai,"Balaji Institute of Engineering and Technology,, Kanchipuram, Chennai"
Chennai,"Bharath University (Bharath Institute of Higher Education and Research), Selaiyur, Chennai"
Chennai,"Central Institute of Plastic Engineering and Technology (CIPET), Guindy, Chennai"
Chennai,"Chennai Institute of Technology, Chennai"
Chennai,"Dhanalakshmi College of Engineering, Sriperumbudur, Chennai"
Chennai,"Dr. MGR University (Dr. M.G.R. Educational and Research Insitute), Chennai"
Chennai,"Easwari Engineering College, Ramapuram, Chennai"
Chennai,"G.K.M. College of Engineering and Technology, Chennai"
Chennai,"Gojan School of Business and Technology, Chennai"
Chennai,"Gopal Ramalingam Memorial Engineering College, Chennai"
Chennai,"Hindustan University (Hindustan College of Engineering), Chennai"
Chennai,"Jawahar Engineering College, Chennai"
Chennai,"Jeppiaar Engineering College, Sholinganallur, Chennai"
Chennai,"Jerusalem College of Engineering, Chennai"
Chennai,"K.C.G. College of Technology, Chennai"
Chennai,"Kings Engineering College, Sriperumbudur, Chennai"
Chennai,"Loyola Institute of Technology, Sriperumbudur, Chennai"
Chennai,"Loyola-ICAM College of Engineering and Technology, Chennai"
Chennai,"Madha Engineering College, Chennai"
Chennai,"Madha Institute of Engineering and Technology, Chennai"
Chennai,"Magna College of Engineering, Tiruvallur, Chennai"
Chennai,"Measi Academy of Architecture, Chennai"
Chennai,"Meenakshi College of Engineering, Chennai"
Chennai,"Meenakshi Sundararajan Engineering College, Chennai"
Chennai,"Misrimal Navajee Munoth Jain Engineering College, Chennai"
Chennai,"Mohamed Sathak A.J. College of Engineering, Chennai"
Chennai,"New Prince Shri Bhavani College of Engineering and Technology, Chennai"
Chennai,"P.M.R. Engineering College, Chennai"
Chennai,"Panimalar Engineering College, Chennai"
Chennai,"Panimalar Institute of Technology, Chennai"
Chennai,"PERI Institute of Technology, Chennai"
Chennai,"Prince Dr. K. Vasudevan College of Engineering and Technology, Chennai"
Chennai,"Prince Shri Venkateshwara Padmavathy Engineering College, Chengalpattu, Chennai"
Chennai,"Raja Rajeswari Engineering College, Chennai"
Chennai,"S.A. Engineering College, Chennai"
Chennai,"S.K.R. Engineering College, Chennai"
Chennai,"S.M.K. Fomra Institute of Technology, Chennai"
Chennai,"Sakthi Mariamman Engineering College, Chennai"
Chennai,"Sathyabama University (Sathyabama Engineering College), Chennai"
Chennai,"Sree Sastha Institute of Engineering and Technology, Chennai"
Chennai,"Sri Krishna Engineering College, Chennai"
Chennai,"Sri Lakshmi Ammal Engineering College, Chennai"
Chennai,"Sri Muthukumaran Institute of Technology, Chennai"
Chennai,"Sri Ramanujar Engineering College, Chennai"
Chennai,"Sri Sai Ram Institute of Technology, Chennai"
Chennai,"Sri Sairam Engineering College, Chennai"
Chennai,"Sri Sivasubramaniya Nadar College of Engineering, Chennai"
Chennai,"Srinivasa Institute of Engineering and Technology, Chennai"
Chennai,"St. Peter's College of Engineering and Technology, Chennai"
Chennai,"St. Peters Engineering College, Chennai"
Chennai,"T.J. Institute of Technology, Chennai"
Chennai,"Tagore Engineering College, Chennai"
Chennai,"Thangavelu Engineering College, Chennai"
Chennai,"University Departments of Anna University Chennai, ACT Campus, Chennai"
Chennai,"University Departments of Anna University Chennai, CEG Campus, Chennai"
Chennai,"University Departments of Anna University Chennai, MIT Campus, Chennai"
Chennai,"University Departments of Anna University Chennai, SAP Campus, Chennai"
Chennai,"Vel Tech, Chennai"
Chennai,"Vel Tech Dr.RR and Dr.SR Technical University (Vel Tech Engineering College), Chennai"
Chennai,"Vel Tech High Tech Dr.Rangarajan Dr.Sakunthala Engineering College, Chennai"
Chennai,"Vel Tech Multi Tech Dr.Rangarajan Dr.Sakunthala Engineering College, Chennai"
Chennai,"Velammal Engineering College, Chennai"
Coimbatore,"A.S.L. Pauls College of Engineering and Technology, Pollachi, Coimbatore"
Coimbatore,"Adithya Institute of Technology, Coimbatore"
Coimbatore,"Agricultural Engineering College & Research Institute, Coimbatore"
Coimbatore,"Akshaya College of Engineering & Technology, Coimbatore"
Coimbatore,"Amrita School of Engineering, Coimbatore"
Coimbatore,"Avinashilingam Faculty Of Engineering College, Coimbatore"
Coimbatore,"C.M.S. College of Engineering, Coimbatore"
Coimbatore,"Christ The King Engineering College, Coimbatore"
Coimbatore,"Coimbatore Aeronautical College, Othakkal Mandapam, Coimbatore"
Coimbatore,"Coimbatore Institute of Engineering and Technology, Coimbatore"
Coimbatore,"Coimbatore Institute of Technology, Coimbatore"
Coimbatore,"Coimbatore Marine College, Othakkal Mandapam, Coimbatore"
Coimbatore,"Dr Mahalingam College of Engineering and Technology, Pollachi, Coimbatore"
Coimbatore,"Dr. N.G.P. Institute of Technology, Coimbatore"
Coimbatore,"Easa College of Engineering and Technology, Coimbatore"
Coimbatore,"Government College of Technology, Coimbatore"
Coimbatore,"Hindustan Institute of Technology, Coimbatore"
Coimbatore,"Hindusthan College of Engineering and Technology, Coimbatore"
Coimbatore,"Indus College of Engineering, Coimbatore"
Coimbatore,"Info Institute of Engineering, Coimbatore"
Coimbatore,"J.C.T. College of Engineering and Technology, Coimbatore"
Coimbatore,"Jansons Institute of Engineering and Technology, Coimbatore"
Coimbatore,"Jawaharlal Institute of Technology, Coimbatore"
Coimbatore,"K.G.I.S.L. Institute of Technology, Coimbatore"
Coimbatore,"K.P.R. Institute of Engineering and Technology, Arasur, Coimbatore"
Coimbatore,"Kalaignar Karunanidhi Institute of Technology, Palladam, Coimbatore"
Coimbatore,"Kalaivani College of Technology, Coimbatore"
Coimbatore,"Karpagam College of Engineering, Coimbatore"
Coimbatore,"Karpagam Institute of Technology, Coimbatore"
Coimbatore,"Karunya University (Karunya Institute of Technology), Coimbatore"
Coimbatore,"Kathir College of Engineering, Coimbatore"
Coimbatore,"KTVR Knowledge Park for Engineering and Technology, Coimbatore"
Coimbatore,"Kumaraguru College of Technology, Coimbatore"
Coimbatore,"Maharaja Engineering College, Avinashi, Coimbatore"
Coimbatore,"Maharaja Institute of Technology, Coimbatore"
Coimbatore,"Maharaja Prithvi Engineering College, Avinashi, Coimbatore"
Coimbatore,"Nehru Institute of Engineering and Technology, Coimbatore"
Coimbatore,"P.A. College of Engineering and Technology, Pollachi, Coimbatore"
Coimbatore,"P.P.G. Institute of Technology, Coimbatore"
Coimbatore,"P.S.G. College of Technology, Coimbatore"
Coimbatore,"Park College of Engineering Technology, Kaniyur, Coimbatore"
Coimbatore,"Park College of Technology, Karumathampatti, Coimbatore"
Coimbatore,"R.V.S. College Of Engineering and Technology, Coimbatore"
Coimbatore,"R.V.S. College of Engineering and Technology (Faculty of Engineering), Coimbatore"
Coimbatore,"R.V.S. Faculty of Engineering, Coimbatore"
Coimbatore,"R.V.S. School of Architecture, Coimbatore"
Coimbatore,"Ranganathan Engineering College, Coimbatore"
Coimbatore,"Rathinam Technical Campus, Coimbatore"
Coimbatore,"S.N.S. College of Engineering, Coimbatore"
Coimbatore,"S.N.S. College of Technology, Coimbatore"
Coimbatore,"S.S.K. College of Engineering and Technology, Coimbatore"
Coimbatore,"S.V.S. College of Engineering, Pollachi, Coimbatore"
Coimbatore,"Sasurie Academy of Engineering, Coimbatore"
Coimbatore,"Sree Sakthi Engineering College, Coimbatore"
Coimbatore,"Sri Eshwar College of Engineering, Coimbatore"
Coimbatore,"Sri Krishna College of Engineering and Technology, Coimbatore"
Coimbatore,"Sri Ramakrishna Engineering College, Coimbatore"
Coimbatore,"Sri Ramakrishna Institute of Technology, Coimbatore"
Coimbatore,"Sri Ranganathar Institute of Engineering and Technology, Coimbatore"
Coimbatore,"Sri Shakthi Institute Of Engineering & Technology, Coimbatore"
Coimbatore,"Sri Shakthi Institute of Engineering and Technology, Coimbatore"
Coimbatore,"Sriguru Institute of Technology, Coimbatore"
Coimbatore,"Suguna College of Engineering, Coimbatore"
Coimbatore,"Tamilnadu College of Engineering, Coimbatore"
Coimbatore,"Tamilnadu School of Architecture, Coimbatore"
Coimbatore,"Tejaa Shakthi Institute of Technology for Women, Coimbatore"
Coimbatore,"United Institute of Technology, Coimbatore"
Coimbatore,"V.L.B. Janaki Ammal College of Engineering and Technology, Coimbatore"
Cuddalore,"Anna University Tiruchirappali, Panruti, Panruti, Cuddalore"
Cuddalore,"Annamalai University, Chidambaram, Cuddalore"
Cuddalore,"Dr. Navalar Nedunchezhiyan College of Engineering, Tholudur, Cuddalore"
Cuddalore,"Krishnasamy College of Engineering and Technology, Cuddalore"
Cuddalore,"M.R.K. Institute of Technology, Cuddalore"
Cuddalore,"Sri Jayaram Engineering College, Cudalore, Cuddalore"
Cuddalore,"St. Anne's College of Engineering and Technology, Cuddalore"
Dharmapuri,"Jayalakshmi Institute of Technology, Thoppur, Dharmapuri"
Dharmapuri,"Jayam College of Engineering and Technology, Nallanur, Dharmapuri"
Dharmapuri,"Sapthagiri College of Engineering, Dharmapuri"
Dharmapuri,"Shreenivasa Engineering College, Dharmapuri"
Dharmapuri,"Varuvan Vadivelan Institute of Technology, Dharmapuri"
Dindigul,"Anna University Tiruchirappalli, Dindigul, Dindigul"
Dindigul,"Christian College of Engineering and Technology, Oddanchatram, Dindigul"
Dindigul,"Gandhigram Rural University, Dindigul"
Dindigul,"Kodaikanal Institute of Technology, Kodaikanal, Dindigul"
Dindigul,"N.P.R. College of Engineering and Technology, Natham, Dindigul"
Dindigul,"P.S.N.A. College of Engineering and Technology, Dindigul"
Dindigul,"Pannaikadu Veerammal Paramasivam College of Engineering and Technology for Women, Athoor, Dindigul"
Dindigul,"R.V.S. School of Engineering and Technology, Dindigul"
Dindigul,"S.B.M. College of Engineering and Technology, Dindigul"
Dindigul,"Sri Subramaniya College of Engineering and Technology, Palani, Dindigul"
Dindigul,"SSM Institute of Engineering and Technology, Dindigul"
Erode,"Aishwarya College of Engineering and Technology, Erode"
Erode,"Al-Ameen Engineering College, Erode"
Erode,"Bannari Amman Institute of Technology, Sathyamangalam, Erode"
Erode,"Erode Sengunthar Engineering College, Perundurai, Erode"
Erode,"Institute of Road and Transport Technology, Erode"
Erode,"J.K.K. Muniraja College of Technology, Gobi, Erode"
Erode,"Kongu Engineering College, Perundurai, Erode"
Erode,"M.P.Nachimuthu M.Jaganathan Engineering College, Perundurai, Erode"
Erode,"Maharaja Engineering College for Women, Perundurai, Erode"
Erode,"Nandha College of Technology, Erode"
Erode,"Nandha Engineering College, Erode"
Erode,"Sasurie College of Engineering, Erode"
Erode,"Shree Venkateshwara Hi-Tech Engineering College, Erode"
Erode,"Sri Ramanathan Engineering College, Erode"
Erode,"Surya Engineering College, Erode"
Erode,"Velalar College of Engineering and Technology, Erode"
Erode,"Vidhya Mandhir Institute of Technology, Erode"
Kancheepuram,"A.C.T. College of Engineering and Technology, Maduranthagam, Kanchipuram"
Kancheepuram,"A.R.M. College of Engineering and Technology, Chengalpet, Kanchipuram"
Kancheepuram,"Adhi College of Engineering and Technology, Sankarapuram, Kanchipuram"
Kancheepuram,"Adhiparasakthi Engineering College, Kanchipuram"
Kancheepuram,"Aksheyaa College of Engineering, Kanchipuram"
Kancheepuram,"Anand Institute of Higher Technology, Chengalpattu, Kanchipuram"
Kancheepuram,"Apollo Engineering College, Sriperambudur, Kanchipuram"
Kancheepuram,"Apollo Priyadarshanam Institute of Technology, Sriperumbudur, Kanchipuram"
Kancheepuram,"Arasu Engineering College, Kumbakonam, Kanchipuram"
Kancheepuram,"Arignar Anna Institute of Science and Technology, Sriperambudur, Kanchipuram"
Kancheepuram,"Balamani Arunachalam Educational & Charitable Trust's Group of Institution, Chengalpet, Kanchipuram"
Kancheepuram,"Chendu College of Engineering and Technology, Kanchipuram"
Kancheepuram,"Dhaanish Ahmed College of Engineering, Padappai, Kanchipuram"
Kancheepuram,"Dhanalakshmi Srinivasan College of Engineering and Technology, Mamallapuram, Kanchipuram"
Kancheepuram,"Indira Gandhi College of Engineering and Technology for Women, Chengalpattu, Kanchipuram"
Kancheepuram,"JEI Mathaajee College of Engineering, Kanchipuram"
Kancheepuram,"Jeppiaar Institute of Technology, Kanchipuram"
Kancheepuram,"Kalsar College of Engineering, Sriperambudur, Kanchipuram"
Kancheepuram,"Kanchi Pallavan Engineering College, Kanchipuram"
Kancheepuram,"Karpaga Vinayaga College of Engineering and Technology, Maduranthagam, Kanchipuram"
Kancheepuram,"Lord Ayyappa Institute of Engineering and Technology, Walajabad, Kanchipuram"
Kancheepuram,"Lord Venkateshwara Engineering College, Walajabad, Kanchipuram"
Kancheepuram,"Maamallan Institute of Technology, Sriperambudur, Kanchipuram"
Kancheepuram,"P.B. College of Engineering, Sriperambudur, Kanchipuram"
Kancheepuram,"P.T. Lee Chengalvaraya Naicker College of Engineering and Technology, Kanchipuram"
Kancheepuram,"Pallava Raja College of Engineering, Kanchipuram"
Kancheepuram,"Pallavan College of Engineering, Iyyengarkulam, Kanchipuram"
Kancheepuram,"Rajalakshmi Engineering College, Sriperambudur, Kanchipuram"
Kancheepuram,"Rajalakshmi Institute of Technology, Sriperambudur, Kanchipuram"
Kancheepuram,"Rajiv Gandhi College of Engineering, Sriperumbudur, Kanchipuram"
Kancheepuram,"Rrase College of Engineering, Sriperambudur, Kanchipuram"
Kancheepuram,"S.R.R. Engineering College, Kanchipuram"
Kancheepuram,"Saveetha Engineering College, Sriperumbudur, Kanchipuram"
Kancheepuram,"SCSVMV University (Sri Chandrasekharendra Saraswathi Viswa Mahavidyalaya), Kanchipuram"
Kancheepuram,"Shri Andal Alagar College of Engineering, Kanchipuram"
Kancheepuram,"Sri Krishna Institute of Technology, Sriperambudur, Kanchipuram"
Kancheepuram,"Sri Padmavathy College of Engineering, Sriperambudur, Kanchipuram"
Kancheepuram,"Sri Venkateswara College of Engineering, Sriperambudur, Kanchipuram"
Kancheepuram,"Sri Venkateswaraa College of Technology, Sriperambudur, Kanchipuram"
Kancheepuram,"St. Joseph College of Engineering, Sriperumpudur, Kanchipuram"
Kancheepuram,"St. Joseph's College of Engineering, Kanchipuram"
Kancheepuram,"St.Joseph's Institute of Technology, Kanchipuram"
Kancheepuram,"The New Royal College of Engineering and Technology, Kanchipuram"
Kancheepuram,"Thirumalai Engineering College, Kanchipuram"
Kancheepuram,"University College of Engineering, Kanchipuram"
Kancheepuram,"V.I. Institute of Technology, Chengalpet, Kanchipuram"
Kancheepuram,"V.K.K. Vijayan Engineering College, Sriperambudur, Kanchipuram"
Kancheepuram,"Valliammai Engineering College, Kanchipuram"
Kanyakumari,"Annai Vailankanni College of Engineering, Pottalkulam, Kanyakumari"
Kanyakumari,"Arunachala College of Engineering for Women, Nagercoil, Kanyakumari"
Kanyakumari,"Bethlahem Institute of Engineering, Nadutheri, Kanyakumari"
Kanyakumari,"C.S.I. Institute of Technology, Thovalai, Kanyakumari"
Kanyakumari,"D.M.I. Engineering College, Thovalai, Kanyakumari"
Kanyakumari,"Immanuel Arasar J J College of Engineering, Marthandam, Kanyakumari"
Kanyakumari,"James College of Engineering and Technology, Kanyakumari"
Kanyakumari,"Jayamatha Engineering College, Aralvaimozhi, Kanyakumari"
Kanyakumari,"K.N.S.K. College of Engineering, Agasteeswaram, Kanyakumari"
Kanyakumari,"Lord Jegannath College of Engineering and Technology, Kumarapuram, Kanyakumari"
Kanyakumari,"Loyola Institute of Technology and Science, Agastheeswaram, Kanyakumari"
Kanyakumari,"M.E.T. Engineering College, Thovalai, Kanyakumari"
Kanyakumari,"Mar Ephraem College of Engineering and Technology, Kanyakumari"
Kanyakumari,"Maria Collge of Engineering and Technology, Kalkulam, Kanyakumari"
Kanyakumari,"Marthandam College of Engineering and Technology, Kanyakumari"
Kanyakumari,"Narayanaguru College of Engineering, Kanyakumari"
Kanyakumari,"Noorul Islam University (Noorul Islam College of Engineering), Kanyakumari"
Kanyakumari,"Ponjesly College of Engineering, Agasteeswaram, Kanyakumari"
Kanyakumari,"Rajas International Institute of Technology for Women, Nagercoil, Kanyakumari"
Kanyakumari,"Satyam College of Engineering & Technology, Kanyakumari"
Kanyakumari,"Sivaji College of Engineering and Technology, Kanyakumari"
Kanyakumari,"St. Xavier Catholic College of Engineering, Kanyakumari"
Kanyakumari,"Sun College of Engineering and Technology, Kanyakumari"
Kanyakumari,"Tamizhan College of Engineering and Technology, Kanyakumari"
Kanyakumari,"Udaya School of Engineering, Kanyakumari"
Kanyakumari,"University College of Engineering, Nagercoil, Kanyakumari"
Kanyakumari,"Vins Christian College of Engineering, Kanyakumari"
Kanyakumari,"Vins Christian Women's College of Engineering, Nagercoil, Kanyakumari"
Karur,"Chettinad College of Engineering and Technology, Puliyur, Karur"
Karur,"Karur College of Engineering, Karur"
Karur,"M. Kumarasamy College of Engineering, Karur"
Karur,"N.S.N. College of Engineering and Technology, Karur"
Karur,"V.K.S. College of Engineering and Technology, Karur"
Karur,"V.S.B. Engineering College, Karur"
Krishnagiri,"Adhiyamaan College of Engineering, Hosur, Krishnagiri"
Krishnagiri,"Archana Institute of Technology, Thimapuram, Krishnagiri"
Krishnagiri,"Er. Perumal Manimekalai College of Engineering, Hosur, Krishnagiri"
Krishnagiri,"Government College of Engineering, Bargur, Krishnagiri"
Krishnagiri,"P.S.V. College of Engineering and Technology, Krishnagiri"
Krishnagiri,"Sri Venkateshwara Institute of Engineering, Krishanagiri, Krishnagiri"
Madurai,"C.R. Engineering College, Madurai"
Madurai,"Fatima Michael College of Engineering & Technology, Madurai"
Madurai,"Kamaraj College of Engineering and Technology, Thirumangalam, Madurai"
Madurai,"Latha Mathavan Engineering College, Melur, Madurai"
Madurai,"P.T.R. College of Engineering and Technology, Madurai"
Madurai,"Raja College of Engineering and Technology, Madurai"
Madurai,"SACS M.A.V.M.M. Engineering College, Madurai"
Madurai,"Thiagarajar College of Engineering, Madurai"
Madurai,"Ultra College of Engineering & Technology for Women, Madurai"
Madurai,"Velammal College of Engineering and Technology, Madurai"
Madurai,"Vickram College of Engineering, Madurai"
Nagapattinam,"A.V.C. College of Engineering, Mayiladutarai, Nagapattinam"
Nagapattinam,"Anna University Tiruchirappali, Thirukkuvalai, Nagapatinam, Nagapattinam"
Nagapattinam,"Edayathangudi G.S. Pillay Engineering College, Nagore, Nagapattinam"
Nagapattinam,"Sembodai Rukmani Varatharajan Engineering College, Nagapatinam, Nagapattinam"
Nagapattinam,"Sir Issac Newton College of Engineering and Technology, Nagapatinam, Nagapattinam"
Namakkal,"Annai Mathammal Sheela Engineering College, Namakkal"
Namakkal,"C.M.S. College of Engineering, Ernapuram, Namakkal"
Namakkal,"Dr. Nagarathinam's College of Engineering, Rasipuram, Namakkal"
Namakkal,"Excel College of Architecture & Planning, Komarapalayam, Namakkal"
Namakkal,"Excel College of Engineering and Technology, Komarapalayam, Namakkal"
Namakkal,"Excel College of Technology, Komarapalayam, Namakkal"
Namakkal,"Excel Engineering College, Komarapalayam, Namakkal"
Namakkal,"Gnanamani College of Engineering, Namakkal"
Namakkal,"Gnanamani College of Technology, Namakkal"
Namakkal,"J.K.K. Nataraja College of Engineering and Technology, Namakkal"
Namakkal,"K S R Institute for Engineering and Technology, Namakkal"
Namakkal,"K.S. Rangasamy College of Technology, Namakkal"
Namakkal,"K.S.R. College of Engineering, Tiruchengode, Namakkal"
Namakkal,"King College of Technology, Nallur, Namakkal"
Namakkal,"Mahendra Engineering College, Tiruchengode, Namakkal"
Namakkal,"Mahendra Engineering College for Women, Tiruchengode, Namakkal"
Namakkal,"Mahendra Institute of Engineering and Technology, Tiruchengode, Namakkal"
Namakkal,"Mahendra Institute of Technology, Tiruchengode, Namakkal"
Namakkal,"Muthayammal Engineering College, Rasipuram, Namakkal"
Namakkal,"Muthayammal Technical Campus, Rasipuram, Namakkal"
Namakkal,"P.G.P. College of Engineering and Technology, Namakkal"
Namakkal,"Paavaai Group of Institutions, Namakkal"
Namakkal,"Paavai College of Engineering, Namakkal"
Namakkal,"Paavai Engineering College, Namakkal"
Namakkal,"Pavai College of Technology, Namakkal"
Namakkal,"S.R.G. Engineering College, Namakkal"
Namakkal,"S.S.M. College of Engineering, Namakkal"
Namakkal,"Selvam College of Technology, Namakkal"
Namakkal,"Sengunthar College of Engineering For Women, Namakkal"
Namakkal,"Sengunthar Engineering College, Namakkal"
Namakkal,"Vidhya Vikkas College of Engineering and Technology, Tiruchengode, Namakkal"
Namakkal,"Vivekanadha College of Engineering for Women, Tiruchengode, Namakkal"
Namakkal,"Vivekanadha Institute of Engineering and Technology for Women, Namakkal"
Namakkal,"Vivekanandha College of Technology for Women, Tiruchengode, Namakkal"
Nilgiris,"C.S.I. Engineering College, Ketti, Nilgiris"
Nilgiris,"McGan's Ooty School of Architecture, Nilgiris"
Perambalur,"Dhanalakshmi Srinivasan Engineering College, Perambalur"
Perambalur,"Roever College of Engineering and Technology, Perambalur"
Perambalur,"Roever Engineering College, Perambalur"
Perambalur,"Srinivasan Engineering College, Perambalur"
Pudukkottai,"Chendhuran College of Engineering and Technology, Thiurmayam, Pudukottai"
Pudukkottai,"Kings College of Engineering, Pudukottai"
Pudukkottai,"M.A.R. College of Engineering and Technology, Illuppur, Pudukottai"
Pudukkottai,"M.N.S.K. College of Engineering, Alangudy, Pudukottai"
Pudukkottai,"Mahath Amma Institute of Engineering and Technology, Illupur, Pudukottai"
Pudukkottai,"Mookambigai College of Engineering, Keerarur, Pudukottai"
Pudukkottai,"Mother Terasa College of Engineering and Technology, Illuppur, Pudukottai"
Pudukkottai,"Mount Zion College of Engineering and Technology, Thirumayam, Pudukottai"
Pudukkottai,"Shanmuganathan Engineering College, Pudukkottai, Pudukottai"
Pudukkottai,"Sri Bharathi Engineering College for Women, Pudukkottai, Pudukottai"
Pudukkottai,"Sudharsan Engineering College, Pudukkottai, Pudukottai"
Ramanathapuram,"Anna University Tiruchirappali, Ramanathapuram, Ramanathapuram, Ramnad"
Ramanathapuram,"Ganapathy Chettiar College of Engineering and Technology, Paramakudi, Ramnad"
Ramanathapuram,"Mohamed Sathak Engineering College, Kilakarai, Ramnad"
Ramanathapuram,"Syed Ammal Engineering College, Ramanathapuram, Ramnad"
Ramanathapuram,"The Selvam Women Excellence Engineering Technology, Ramanathapuram, Ramnad"
Salem,"A.V.S. Engineering College, Ammapet, Salem"
Salem,"Annaporna Engineering College, Salem"
Salem,"Bharathiyar Institute of Engineering for Women, Attur, Salem"
Salem,"Dhirajlal Gandhi College of Technology, Salem"
Salem,"Ganesh College of Engineering, Salem"
Salem,"Government College of Engineering, Omalur, Salem"
Salem,"Greentech College of Engineering for Women, Attur, Salem"
Salem,"Knowledge Institute of Technology, Kakapalayam, Salem"
Salem,"Maha College of Engineering, Valapadi, Salem"
Salem,"Narasu's Sarathy Institute of Technology, Omalur, Salem"
Salem,"Rabidhranath Tagore College of Engineering for Women, Salem"
Salem,"S.R.S. College of Engineering & Technology, Salem"
Salem,"Salem College of Engineering and Technology, Salem"
Salem,"Sona College of Technology, Salem"
Salem,"Sri Shanmugha College of Engineering and Technology, Salem"
Salem,"Tagore Institute of Engineering and Technology, Attur, Salem"
Salem,"The Kavery College of Engineering, Mettur, Salem"
Salem,"The Kavery Engineering College, Mettur, Salem"
Salem,"V.S.A. Educational and Charitable Trust,s Group of Institutions, Salem"
Salem,"Vinayaka Mission's Kirupanada Variyar Engineering College, Salem"
Sivaganga,"A.C. College of Engineering and Technology, Karaikudi, Sivagangai"
Sivaganga,"Central Electro Chemical Research Institute, Karaikudi, Sivagangai"
Sivaganga,"K.L.N. College of Engineering, Sivagangai"
Sivaganga,"K.L.N. College of Information Technology, Sivagangai"
Sivaganga,"Karaikudi Institute of Technology and Karaikudi Institute of Management, Sivagangai"
Sivaganga,"Madurai Institute of Engineering and Technology, Manamadurai, Sivagangai"
Sivaganga,"Pandiyan Saraswathi Yadav Engineering College, Sivagangai"
Sivaganga,"Pannai College of Engineering and Technology, Sivagangai"
Sivaganga,"Sree Raaja Raajan College of Engineering and Technology, Karaikudi, Sivagangai"
Sivaganga,"St. Michael College of Engineering and Technology, Sivagangai"
Thanjavur,"Anna University Tiruchirappalli, Pattukkottai, Pattukkottai, Thanjavur"
Thanjavur,"Annai College of Engineering and Technology, Kumbakonam, Thanjavur"
Thanjavur,"As-Salam College of Engineering and Technology, Thanjavur"
Thanjavur,"K.S.K College of Engineering and Technology, Kumbakonam, Thanjavur"
Thanjavur,"Parisutham Institute of Technology and Science, Thanjavur"
Thanjavur,"Periyar Maniammai University (Periyar Maniammai College of Technology for Women), Vallam, Thanjavur"
Thanjavur,"Ponnaiyah Ramajayam College of Engineering and Technology, Thanjavur"
Thanjavur,"PRIST University (P.R. Engineering College), Thanjavur"
Thanjavur,"SASTRA University (Shanmugha Arts, Science, Technology and Research Academy), Thanjavur"
Thanjavur,"SMR East Coast College of Engineering and Technology, Thanjavur"
Thanjavur,"St. Joseph's College of Engineering and Technology, Thanjavur"
Thanjavur,"Star Lion College of Engineering and Technology, Thanjavur"
Thanjavur,"Vandayar Engineering College, Thanjavur"
Theni,"Bharath Niketan Engineering College, Aundipatti, Theni"
Theni,"Nadar Saraswathi College of Engineering and Technology, Theni"
Theni,"Odaiyappa College of Engineering and Technology, Theni"
Theni,"Theni Kammavar Sangam College of Technology, Theni"
Theni,"VPV College of Engineering, Theni"
Tirunelveli,"A.R. College of Engineering and Technology, Ambasamudram, Tirunelveli"
Tirunelveli,"Arul College of Technology, Tirunelveli"
Tirunelveli,"Cape Institute of Technology, Radhapuram, Tirunelveli"
Tirunelveli,"Einstein College of Engineering, Seethaparpanallur, Tirunelveli"
Tirunelveli,"Francis Xavier Engineering College, Palayamkottai, Tirunelveli"
Tirunelveli,"Government College of Engineering, Tirunelveli"
Tirunelveli,"J.P. College of Engineering, Tenkasi, Tirunelveli"
Tirunelveli,"Joe Suresh Engineering CollegeJoe Suresh Engineering College, Palayamkottai, Tirunelveli"
Tirunelveli,"Mahakavi Bharathiyar College of Engineering and Technology, Vasudevanallur, Tirunelveli"
Tirunelveli,"National College of Engineering, Tirunelveli"
Tirunelveli,"P.S.N. College of Engineering and Technology, Palayamkottai, Tirunelveli"
Tirunelveli,"P.S.N. Engineering College, Palayamkottai, Tirunelveli"
Tirunelveli,"P.S.N. Institute of Technology & Science, Palayamkottai, Tirunelveli"
Tirunelveli,"PET Engineering College, Tirunelveli"
Tirunelveli,"S. Veerasamy Chettiar College of Engineering and Technology, Tirunelveli"
Tirunelveli,"Sardar Raja College of Engineering, Tirunelveli"
Tirunelveli,"SCAD College of Engineering and Technology, Tirunelveli"
Tirunelveli,"Scad Engineering College, Tirunelveli"
Tirunelveli,"Thamirabharani Engineering College, Tirunelveli"
Tirunelveli,"The Rajaas Engineering College, Tirunelveli"
Tirunelveli,"Universal College of Engineering and Technology, Tirunelveli"
Tirunelveli,"University Departments of Anna University Tirunelveli, Tirunelveli"
Tirunelveli,"V.V. College of Engineering, Tirunelveli"
Tiruppur,"Angel College of Engineering and Technology, Tiruppur, Tirupur"
Tiruppur,"Dr. Nalini Institute of Engineering and Technology, Dharapuram, Tirupur"
Tiruppur,"Erode Builder Educational Trust,s Group of Institutions, Kangeayam, Tirupur"
Tiruppur,"Jai Sriram College of Technology, Tiruppur, Tirupur"
Tiruppur,"Professional Educational Trust's Group of Institutions, Tirupur"
Tiruvallur,"B.K.R. College of Engineering and Technology, Arakkonam, Tiruvallur"
Tiruvallur,"Bhajarang Engineering College, Thirunindravur, Tiruvallur"
Tiruvallur,"D.M.I. College of Engineering, Tiruvallur"
Tiruvallur,"GRT Institute of Engineering and Technology, TIRUTTANI, Tiruvallur"
Tiruvallur,"Indira Institute of Engineering and Technology, Thiruvallur, Tiruvallur"
Tiruvallur,"J.N.N. Institute of Engineering, Tiruvallur"
Tiruvallur,"Jaya Engineering College, Thiruninravur, Tiruvallur"
Tiruvallur,"Jaya Suriya Engineering College, Tiruvallur"
Tiruvallur,"John Bosco Engineering College, Tiruvallur"
Tiruvallur,"Lakshmi Chand Rajani College of Engineering and Technology, Thiruthani, Tiruvallur"
Tiruvallur,"Prathyusha Institute of Technology and Management, Tiruvallur"
Tiruvallur,"R.M.D. Engineering College, Tiruvallur"
Tiruvallur,"R.M.K. College of Engineering and Technology, Tiruvallur"
Tiruvallur,"R.M.K. Engineering College, Tiruvallur"
Tiruvallur,"R.V.S. Padhmavathy College of Engineering and Technology, Tiruvallur"
Tiruvallur,"Rajalakshmi Institute of Technology, thriuvallur, Tiruvallur"
Tiruvallur,"Sakthi Engineering College, tiruvallur, Tiruvallur"
Tiruvallur,"SAMS College of Engineering and Technology, Tiruvallur"
Tiruvallur,"Siva Institute of Frontier Technology - Technical Campus, Thiruvallur, Tiruvallur"
Tiruvallur,"Sree Sastha College of Engineering, Thiruvallur, Tiruvallur"
Tiruvallur,"Sri Kalaimagal College of Engineering, Tiruvallur"
Tiruvallur,"Sri Ram Engineering College, Tiruvallur"
Tiruvallur,"Sri Venkateswara College of Engineering and Technology, Tiruvallur"
Tiruvallur,"Sri Venkateswara Institute of Science and Technology, Tiruvallur"
Tiruvallur,"T.J.S. Engineering College, Tiruvallur"
Tiruvallur,"Velammal Institute of Technology, Tiruvallur"
Tiruvannamalai,"Annamalaiar College of Engineering, Polur, Tiruvanamalai"
Tiruvannamalai,"Arulmigu Meenakshi Amman College of Engineering, Cheyyar, Tiruvanamalai"
Tiruvannamalai,"Arunai Engineering College, Mathur, Tiruvanamalai"
Tiruvannamalai,"K.R.S. College of Engineering, Vandavasi, Tiruvanamalai"
Tiruvannamalai,"Kamban Engineering College, Mathur, Tiruvanamalai"
Tiruvannamalai,"Oxford College of Engineering, Thiruvannamalai, Tiruvanamalai"
Tiruvannamalai,"S.K.P. Engineering College, Tiruvannamalai, Tiruvanamalai"
Tiruvannamalai,"S.K.P. Institute of Technology, Tiruvannamalai, Tiruvanamalai"
Tiruvannamalai,"S.R.I. College of Engineering and Technology, Tiruvannamalai, Tiruvanamalai"
Tiruvannamalai,"Sri Balaji Chockalingam Engineering College, Tiruvannamalai, Tiruvanamalai"
Tiruvannamalai,"Sri Ramana Maharishi College of Engineering, Tiruvannamalai, Tiruvanamalai"
Tiruvannamalai,"Thiruvalluvar College of Engineering and Technology, Tiruvannamalai, Tiruvanamalai"
Tiruvannamalai,"University College of Engineering,Thiruvannamalai, Arni, Tiruvanamalai"
Tiruvarur,"A.R.J. College of Engineering and Technology, Mannargudi, Tiruvarur"
Tiruvarur,"Anjalai Ammal Mahalingam Engineering College, Thiruvarur, Tiruvarur"
Tiruchirappalli,"Anna University Tiruchirappali, Ariyalur Campus, Ariyalur, Trichy"
Tiruchirappalli,"C.A.R.E. School of Engineering, Srirangam, Trichy"
Tiruchirappalli,"Cauvery College of Engineering and Technology, Perur, Trichy"
Tiruchirappalli,"Imayam College of Engineering, Thuraiyur, Trichy"
Tiruchirappalli,"Indra Ganesan College of Engineering, Srirangam, Trichy"
Tiruchirappalli,"J.J. College of Engineering and Technology, Srirangam, Trichy"
Tiruchirappalli,"Jayaram College of Engineering and Technology, Thuraiyur, Trichy"
Tiruchirappalli,"K. Ramakrishnan College of Engineering, Manachanallur, Trichy"
Tiruchirappalli,"K. Ramakrishnan College of Technology, Trichy"
Tiruchirappalli,"Kongunadu College of Engineering and Technology, Thottiam, Trichy"
Tiruchirappalli,"Kurinji College of Engineering and Technology, Manapparai, Trichy"
Tiruchirappalli,"M.A.M. College of Engineering, Mannachanallur, Trichy"
Tiruchirappalli,"M.A.M. College of Engineering and Technology, Mannachanallur, Trichy"
Tiruchirappalli,"M.A.M. School of Engineering, Trichy"
Tiruchirappalli,"M.I.E.T. Engineering College, Gundur, Trichy"
Tiruchirappalli,"Mahalakshmi Engineering College, Trichy"
Tiruchirappalli,"National Institute of Technology, Trichy"
Tiruchirappalli,"OAS Institute of Technology and Management, Trichy"
Tiruchirappalli,"Oxford Engineering College, Trichy"
Tiruchirappalli,"Pavendar Bharathidasan Institute of Information Technology, Trichy"
Tiruchirappalli,"Paventhar Bharathidasan College of Engineering and Technology, Trichy"
Tiruchirappalli,"Saranathan College of Engineering, Srirangam, Trichy"
Tiruchirappalli,"Shivani Engneering College, Trichy"
Tiruchirappalli,"Shivani Institute of Technology, Trichy"
Tiruchirappalli,"Shri Angala Amman College of Engineering and Technology, Trichy"
Tiruchirappalli,"Trichy Engineering College, Trichy"
Tiruchirappalli,"TRP Engineering College, Trichy"
Tiruchirappalli,"University Departments of Anna University Tiruchirappalli, BIT Campus, Trichy"
Tiruchirappalli,"Vetri Vinayaha College of Engineering and Technology, Trichy"
Thoothukudi,"Chandy College of Engineering, Mullakkadu, Tuticorin"
Thoothukudi,"Dr. G.U. Pope College of Engineering, Sawyerpuram, Tuticorin"
Thoothukudi,"Dr. Sivanthi Aditanar College of Engineering, Tiruchendur, Tuticorin"
Thoothukudi,"Holy Cross Engineering College, Tuticorin"
Thoothukudi,"Infant Jesus College of Engineering, Tuticorin"
Thoothukudi,"Infant Jesus College of Engineering and Technology, Tuticorin"
Thoothukudi,"Jeyaraj Annapackiam CSI College of Engineering, Thiruchendur, Tuticorin"
Thoothukudi,"National Engineering College, Tuticorin"
Thoothukudi,"St. Mother Theresa Engineering College, Tuticorin"
Thoothukudi,"University VOC College of Engineering, Tuticorin"
Thoothukudi,"Unnamalai Institute of Technology, Tuticorin"
Vellore,"Adhiparasakthi College of Engineering, Vellore"
Vellore,"Annai Mira College Of Engineering And Technology, Vellore"
Vellore,"Bharathidasan Engineering College, Tirupattur, Vellore"
Vellore,"C. Abdul Hakeem College of Engineering and Technology, Melvisharam, Vellore"
Vellore,"G.G.R. College of Engineering, Vellore"
Vellore,"Ganadipathy Tulsi's Engineering College, Vellore"
Vellore,"Global Institute of Engineering and Technology, Walajah, Vellore"
Vellore,"Kingston Engineering College, Katpadi, Vellore"
Vellore,"Podhigai College of Engineering and Technology, Tirupattur, Vellore"
Vellore,"Priyadarshini Engineering College, Vellore"
Vellore,"Ranippettai Engineering College, Vellore"
Vellore,"Saraswathi Velu College of Engineering, Vellore"
Vellore,"Shri Sapthagiri Institute of Technology, Vellore"
Vellore,"Sree Krishna College of Engineering, Vellore"
Vellore,"Sri Krishna College of Engineering, Vellore"
Vellore,"Sri Nandhanam College of Engineering and Technology, Vellore"
Vellore,"St. John's College of Engineering & Technology for Women, Vellore"
Vellore,"Thanthai Periyar Govt. Institute of Technology, Vellore"
Vellore,"VIT University (Vellore Institute of Technology), Vellore"
Viluppuram,"A.K.T. Memorial College of Engineering and Technology, Kallakurichi, Villupuram"
Viluppuram,"A.R. Engineering College, Vadakuchipalayam, Villupuram"
Viluppuram,"Annai Teresa College of Engineering, Ulundurpet, Villupuram"
Viluppuram,"Dr. Paul's Engineering College, Vanur, Villupuram"
Viluppuram,"E.S. College of Engineering and Technology, Ayyankoilpattu, Villupuram"
Viluppuram,"I.F.E.T. College of Engineering, Villupuram"
Viluppuram,"Idhaya Engineering College for Women, Chinna Salem, Villupuram"
Viluppuram,"Maha Bharathi Engineering College, Kallakurichi, Villupuram"
Viluppuram,"Mailam Engineering College, Tindivanam, Villupuram"
Viluppuram,"Saraswathy College of Engineering and Technology, Villupuram"
Viluppuram,"Sri Aravindar Engineering College, Villupuram"
Viluppuram,"Sri Aravindar Engineering College, Villupuram"
Viluppuram,"Sri Rangapoopathi College of Engineering, Villupuram"
Viluppuram,"Surya College of Engineering and Technology, Villupuram"
Viluppuram,"T.S.M. Jain College of Technology, Kallakurichi, Villupuram"
Viluppuram,"University College of Engineering,Tindivanam, Tindivanam, Villupuram"
Viluppuram,"University College of Engineering,Villupuram, Villupuram"
Viluppuram,"V.R.S. College of Engineering and Technology, Ulundurpet, Villupuram"
Viluppuram,"Vedhantha Institute Of Technology, Ulundurpet, Villupuram"
Virudhunagar,"Kalasalingam Institute of Technology, Srivilliputtur, Virudhunagar"
Virudhunagar,"Kalasalingam University (Arulmigu Kalasalingam College of Engineering), Virudhunagar"
Virudhunagar,"MEPCO Schlenk Engineering College, Sivakasi, Virudhunagar"
Virudhunagar,"P.S.R. Engineering College, Sivakasi, Virudhunagar"
Virudhunagar,"P.S.R. Rengasamy College of Engineering for Women, Sivakasi, Virudhunagar"
Virudhunagar,"Renganayagi Varatharaj College of Engineering, Virudhunagar"
Virudhunagar,"Sethu Institute of Technology, Virudhunagar"
Virudhunagar,"Sree Sowdambika College of Engineering, Virudhunagar"
Virudhunagar,"Sri Vidya College of Engineering and Technology, Virudhunagar"
Virudhunagar,"V.P.M.M. Engineering College for Women, Virudhunagar"
