Kallakurichi	Tamil Nadu	A K T Memorial College of Engineering and Technology, Neelamangalam Village
Viluppuram	Tamil Nadu	A R Engineering College, Vadakuchipalayam
Tiruvarur	Tamil Nadu	A R J College of Engineering and Technology, Mannargudi Taluk
Chengalpattu	Tamil Nadu	A R M College of Engineering and Technology, Sattamangalam
Mayiladuthurai	Tamil Nadu	A V C College of Engineering, Mannampandal
Salem	Tamil Nadu	A V S Engineering College, Military Road
Virudhunagar	Tamil Nadu	AAA College of Engineering and Technology, Kamarajar Educational Road
Chennai	Tamil Nadu	Aalim Muhammed Salegh College of Engineering, Muthapudupet
Kancheepuram	Tamil Nadu	Adhi College of Engineering and Technology, Pazhayaseevaram
Ranipet	Tamil Nadu	Adhiparasakthi College of Engineering, Kalavai
Chengalpattu	Tamil Nadu	Adhiparasakthi Engineering College, Melmaruvathur
Krishnagiri	Tamil Nadu	Adhiyamaan College of Engineering (Autonomous), Hosur
Coimbatore	Tamil Nadu	Adithya Institute of Technology, Kurumbapalayam Village
Chengalpattu	Tamil Nadu	Agni College of Technology, Old Mahabalipuram Road (OMR)
Coimbatore	Tamil Nadu	Akshaya College of Engineering and Technology, Kinathukadavu
Sivaganga	Tamil Nadu	Alagappa Chettair Government College of Engineering and Technology (Autonomous), Karaikudi
Erode	Tamil Nadu	AL-Ameen Engineering College (Autonomous), Karundevan Palayam
Chennai	Tamil Nadu	Alpha College of Engineering
Kanyakumari	Tamil Nadu	AMRITA College of Engineering and Technology, Erachakulam
Chengalpattu	Tamil Nadu	Anand Institute of Higher Technology, Old Mahabalipuram Road (OMR)
Tiruppur	Tamil Nadu	Angel College of Engineering and Technology, P.K.Palayam
Tiruvarur	Tamil Nadu	Anjalai Ammal Mahalingam Engineering College, Kovilvenni
Coimbatore	Tamil Nadu	Anna University Regional Campus - Coimbatore, Maruthamalai Main Road
Madurai	Tamil Nadu	Anna University Regional Campus - Madurai, Kanyakumari National Highway
Tirunelveli	Tamil Nadu	Anna University Regional Campus - Tirunelveli, Trivandrum Road
Thanjavur	Tamil Nadu	Annai College of Engineering and Technology, Anakudi Road
Namakkal	Tamil Nadu	Annai Mathammal Sheela Engineering College, Erumapatty
Ranipet	Tamil Nadu	Annai Mira College of Engineering and Technology, Arcot Road
Kallakurichi	Tamil Nadu	Annai Teresa College of Engineering, Thirunavalur
Kanyakumari	Tamil Nadu	Annai Vailankanni College of Engineering, Pothaiyadi Salai
Chennai	Tamil Nadu	Annai Veilankannis College of Engineering, Gandhi Road
Cuddalore	Tamil Nadu	Annamalai University Faculty of Engineering and Technology,Annamalai nagar
Tiruvannamalai	Tamil Nadu	Annamalaiar College of Engineering, Modaiyur Village
Salem	Tamil Nadu	Annapoorana Engineering College (Autonomous), Sankari Main Road
Kancheepuram	Tamil Nadu	Apollo Engineering College, Mevaloorkuppam
Thanjavur	Tamil Nadu	Arasu Engineering College, Chennai Main Road
Nagapattinam	Tamil Nadu	Arifa Institute of Technology(Formly Haji sheik Ismail Engineering College), Esanoor
Tiruchirappalli	Tamil Nadu	Ariyalur Engineering College
Coimbatore	Tamil Nadu	Arjun College of Technology, Chettiyakkapalayam
Tiruvannamalai	Tamil Nadu	Arulmigu Meenakshi Amman College of Engineering, Vadamavandal
Karur	Tamil Nadu	Arulmurugan College of Engineering, Karvazhi Road
Kanyakumari	Tamil Nadu	Arunachala College of Engineering for Women, Thanka Gardens
Tiruvannamalai	Tamil Nadu	Arunai Engineering College, Mathur
Chengalpattu	Tamil Nadu	Asan Memorial College of Engineering and Technology
Coimbatore	Tamil Nadu	Asian College of Engineering and Technology
Thanjavur	Tamil Nadu	As-Salam College of Engineering and Technology, Thirumangalakudi
Salem	Tamil Nadu	AVS College of Technology, Attur
Erode	Tamil Nadu	Bannari Amman Institute of Technology (Autonomous), Sathyamanagalam
Kanyakumari	Tamil Nadu	Bethlahem Institute of Engineering, Karungal
Theni	Tamil Nadu	Bharath Niketan Engineering College, Thimmarasanaickanoor
Tirupattur	Tamil Nadu	Bharathidasan Engineering College
Salem	Tamil Nadu	Bharathiyar Institute of Engineering for Women, Deviayakurichi
Tiruppur	Tamil Nadu	Builders Engineering college, Nathakadaiyur
Ranipet	Tamil Nadu	C Abdul Hakeem College of Engineering and Technology, Melvisharam
Cuddalore	Tamil Nadu	C K College of Engineering and Technology, Chellangkuppam
Coimbatore	Tamil Nadu	C M S College of Engineering and Technology, Appachigoundenpathy
Kanyakumari	Tamil Nadu	C S I Institute of Technology, Thovalai
Tirunelveli	Tamil Nadu	CAPE Institute of Technology, Levingipuram
Tiruchirappalli	Tamil Nadu	CARE College of Engineering (Formerly C.A.R.E Group of Institutions), Thayanoor Village
Sivaganga	Tamil Nadu	Central Electrochemical Research Institute CECRI), Karaikudi
Chennai	Tamil Nadu	Central Institute of Petrochemicals Engineering and Technology (CIPET), Guindy
Pudukkottai	Tamil Nadu	Chendhuran College of Engineering and Technology, Madurai Road
Chengalpattu	Tamil Nadu	Chendu College of Engineering and Technology, Zamin Endathur Village
Chennai	Tamil Nadu	Chennai Institute of Technology, Puduper Village
Tiruchirappalli	Tamil Nadu	Chettinad College of Engineering and Technology
Coimbatore	Tamil Nadu	Christ The King Engineering College
Dindigul	Tamil Nadu	Christian College of Engineering and Technology, Oddanchatram
Namakkal	Tamil Nadu	CMS College of Engineering, Emapuram
Coimbatore	Tamil Nadu	Coimbatore Institute of Engineering and Technolgoy (Autonomous), Narasipuram
Coimbatore	Tamil Nadu	Coimbatore Institute of Technology (Autonomous), Civil Aerodrome
Nilgiris	Tamil Nadu	CSI College of Engineering, Ketti
Chennai	Tamil Nadu	D M I College of Engineering, Palanchoor
Kanyakumari	Tamil Nadu	D M I Engineering College, Aralvaimozhi
Chennai	Tamil Nadu	Dhaanish Ahmed College of Engineering, Padappai
Coimbatore	Tamil Nadu	Dhaanish Ahmed Institute of Technology, Pichanur
Chennai	Tamil Nadu	Dhanalakshmi College of Engineering, Manimangalam
Coimbatore	Tamil Nadu	Dhanalakshmi Srinivasan College of Engineering (CBE)
Chennai	Tamil Nadu	Dhanalakshmi Srinivasan College of Engineering and Technology, East Coast Road
Perambalur	Tamil Nadu	Dhanalakshmi Srinivasan Engineering College (Autonomous), Thuraiyur Road
Salem	Tamil Nadu	Dhirajlal Gandhi College of Technology, Sikkanampatty
Thoothukudi	Tamil Nadu	Dr. G U Pope College of Engineering, Sawyerpuram
Coimbatore	Tamil Nadu	Dr. Mahalingam College of Engineering and Technology (Autonomous), Mackinaickenpatti
Coimbatore	Tamil Nadu	Dr. N G P Institute of Technology, Kalapatti
Thoothukudi	Tamil Nadu	Dr. Sivanthi Aditanar College of Engineering, Tiruchendur
Cuddalore	Tamil Nadu	Dr.Navalar Nedunchezhiyan College of Engineering,Raja Nagar
Nagapattinam	Tamil Nadu	E G S Pillay Engineering College (Autonomous), Nagapattinam
Viluppuram	Tamil Nadu	E S Engineering College, Chennai Trunk Road
Coimbatore	Tamil Nadu	Easa College of Engineering and Technology
Chennai	Tamil Nadu	Easwari Engineering College (Autonomous), Ramapuram
Tirunelveli	Tamil Nadu	Einstein College of Engineering, Seethaparpanallur
Krishnagiri	Tamil Nadu	Er. Perumal Manimekalai College of Engineering, Near Koneripalli
Erode	Tamil Nadu	Erode Sengunthar Engineering College (Autonomous), Thudupathi
Salem	Tamil Nadu	Excel Engineering College (Autonomous)
Sivaganga	Tamil Nadu	Fatima Michael College of Engineering and Technology, Sengottai Village
Tirunelveli	Tamil Nadu	Francis Xavier Engineering College (Autonomous), Vannarpettai
Chennai	Tamil Nadu	G K M College of Engineering and Technology, Alappakkam-Mappedu Road
Tiruvallur	Tamil Nadu	G R T Institute of Engineering and Technology, GRT Mahalakshmi Nagar
Vellore	Tamil Nadu	Ganadipathy Tulsi\[CloseCurlyQuote]s Jain Engineering College, Kaniyambadi
Ramanathapuram	Tamil Nadu	Ganapathy Chettiar College of Engineering and Technology, Melakavanur
Salem	Tamil Nadu	Ganesh College of Engineering, Attur
Ranipet	Tamil Nadu	Global Institute of Engineering and Technology
Namakkal	Tamil Nadu	Gnanamani College of Technology, Pachal
Chennai	Tamil Nadu	Gojan School of Business and Technology, Alamathi
Kanyakumari	Tamil Nadu	Good Shepherd College of Engineering and Technology, Maruthamparai
Krishnagiri	Tamil Nadu	Government College of Engineering (Autonomous), Bargur
Salem	Tamil Nadu	Government College of Engineering (Autonomous), Karuppur
Erode	Tamil Nadu	Government College of Engineering (Formerly Institute of Road and Transport Technology)
Dharmapuri	Tamil Nadu	Government College of Engineering, Chettikkarai
Thanjavur	Tamil Nadu	Government College of Engineering, Gandarvakottai Road
Theni	Tamil Nadu	Government College of Engineering, Melachokkanathapuram
Tiruchirappalli	Tamil Nadu	Government College of Engineering, Srirangam
Tirunelveli	Tamil Nadu	Government College of Engineering
Coimbatore	Tamil Nadu	Government College of Technology (Autonomous), Thadagam
Thoothukudi	Tamil Nadu	Grace College of Engineering, Chandy Nagar
Coimbatore	Tamil Nadu	Hindusthan College of Engineering and Technology (Autonomous), Othakkalmandapam
Coimbatore	Tamil Nadu	Hindusthan Institute of Technology (Autonomous), Othakkalmandapam
Thoothukudi	Tamil Nadu	Holy Cross Engineering College, Vagaikulam
Viluppuram	Tamil Nadu	I F E T College of Engineering (Autonomous), Gangarampalayam
Salem	Tamil Nadu	Idhaya Engineering College for Women, Chinnasalem
Tiruchirappalli	Tamil Nadu	Imayam College of Engineering, Kannanur
Kanyakumari	Tamil Nadu	Immanuel Arasar J.J. College of Engineering, Edavilagam
Salem	Tamil Nadu	Indian Institute of Handloom Technology, Foulke's Compound
Tiruvallur	Tamil Nadu	Indira Institute of Engineering and Technology, VGR Gardens
Tiruchirappalli	Tamil Nadu	Indra Ganesan College of Engineering, Madurai Main Road
Thoothukudi	Tamil Nadu	Infant Jesus College of Engineering
Coimbatore	Tamil Nadu	Info Institute of Engineering, Sarkar Samakulam
Coimbatore	Tamil Nadu	J C T College of Engineering and Technology, Pichanur
Tiruchirappalli	Tamil Nadu	J J College of Engineering and Technology, Poolankulathupatti
Erode	Tamil Nadu	J K K Munirajah College of Technology, T N Palayam
Namakkal	Tamil Nadu	J K K Nataraja College of Engineering and Technology, Komarapalayam Amani
Tiruvallur	Tamil Nadu	J N N Institute of Engineering, Ushaa Garden
Tenkasi	Tamil Nadu	J P College of Engineering, College Road
Tiruppur	Tamil Nadu	Jai Shriram Engineering College, Dharapuram Road
Coimbatore	Tamil Nadu	Jansons Institute of Technology, Karumathampatty
Chennai	Tamil Nadu	Jaya College of Engineering and Technology, Parivakkam
Chennai	Tamil Nadu	Jaya Engineering College, Thirunindravur
Tiruvallur	Tamil Nadu	Jaya Institute of Technology, Kanchipadi
Chennai	Tamil Nadu	Jaya Sakthi Engineering College, Thirunindravur
Dharmapuri	Tamil Nadu	Jayalakshmi Institute of Technology, Thoppur
Dharmapuri	Tamil Nadu	Jayam College of Engineering and Technology, Nallanur
Kanyakumari	Tamil Nadu	Jayamatha Engineering College, Aralvaimozhi
Thoothukudi	Tamil Nadu	Jayaraj Annapackiam CSI College of Engineering, Nazareth
Chennai	Tamil Nadu	Jeppiaar Engineering College
Kancheepuram	Tamil Nadu	Jeppiaar Institute of Technology,kunnam
Salem	Tamil Nadu	Jerusalem College of Engineering (Autonomous), Narayanapuram
Chennai	Tamil Nadu	K C G College of Technology, Karappakkam
Sivaganga	Tamil Nadu	K L N College of Engineering (Autonomous), Pottapalayam
Coimbatore	Tamil Nadu	K P R Institute of Engineering and Technology (Autonomous), Kollupalayam Village
Tiruchirappalli	Tamil Nadu	K Ramakrishnan College of Engineering (Autonomous), Kariyamanickam Road
Tiruchirappalli	Tamil Nadu	K Ramakrishnan College of Technology (Autonomous), Kariyamanickam Road
Thanjavur	Tamil Nadu	K S K College of Engineering and Technology, Thanjavur Main Road
Namakkal	Tamil Nadu	K S R College of Engineering (Autonomous), Tiruchengode
Namakkal	Tamil Nadu	K S R Institute for Engineering and Technology, Thokkavadi
Namakkal	Tamil Nadu	K S Rangasamy College of Technology (Autonomous), Tiruchengode
Virudhunagar	Tamil Nadu	Kamaraj College of Engineering and Technology (Autonomous)
Sivaganga	Tamil Nadu	Karaikudi Institute of Technology and Karaikudi Institute of Management, KIT & KIM Technical Campus
Chengalpattu	Tamil Nadu	Karpaga Vinayaga College of Engineering and Technology, Palayanoor
Coimbatore	Tamil Nadu	Karpagam College of Engineering (Autonomous), Othakkalmandapam
Coimbatore	Tamil Nadu	Karpagam Institute of Technology, Seerapalayam Village
Coimbatore	Tamil Nadu	Kathir College of Engineering, Neelambur
Coimbatore	Tamil Nadu	KGISL Institute of Technology, KGISL Campus
Pudukkottai	Tamil Nadu	Kings College of Engineering, Punalkulam
Kancheepuram	Tamil Nadu	Kings Engineering College, Sriperumpudur Taluk
Vellore	Tamil Nadu	Kingston Engineering College, Chithoor Main Road
Coimbatore	Tamil Nadu	KIT - Kalaignar Karunanidhi Institute of Technology (Autonomous), Kannampalayam
Salem	Tamil Nadu	Knowledge Institute of Technology, KIOT Campus
Erode	Tamil Nadu	Kongu Engineering College (Autonomous), Perundurai
Tiruchirappalli	Tamil Nadu	Kongunadu College of Engineering and Technology (Autonomous), Tholurpatti
Cuddalore	Tamil Nadu	Krishnasamy College of Engineering and Technology, S Kumarapuram
Coimbatore	Tamil Nadu	Kumaraguru College of Technology (Autonomous), Chinnavedampatti
Tiruchirappalli	Tamil Nadu	Kurinji College of Engineering and Technology, Manapparai
Madurai	Tamil Nadu	Latha Mathavan Engineering College, Kidaripatti
Kanyakumari	Tamil Nadu	Lord Jegannath College of Engineering and Technology, Kumarapuram
Kancheepuram	Tamil Nadu	Lord Venkateshwaraa Engineering College, Walajabad
Kanyakumari	Tamil Nadu	Lourdes Mount College of Engineering and Technology, Marthandam-Karungal Road
Chennai	Tamil Nadu	Loyola ICAM College of Engineering and Technology, Loyola College Campus
Kanyakumari	Tamil Nadu	Loyola Institute of Technology and Science, Loyola Nagar
Chennai	Tamil Nadu	Loyola Institute of Technology, Mevaloorkuppam
Kanyakumari	Tamil Nadu	M E T Engineering College, Mogals Garden
Tiruchirappalli	Tamil Nadu	M I E T Engineering College, Tiruchirappalli-Pudukkottai Road
Karur	Tamil Nadu	M Kumarasamy College of Engineering (Autonomous), Thalavapalayam
Pudukkottai	Tamil Nadu	M N S K College of Engineering, Vallathirakkottai
Erode	Tamil Nadu	M P Nachimuthu M Jaganathan Engineering College, Chennimalai
Cuddalore	Tamil Nadu	M R K Institute of Technology, Nattarmangalam Village
Tiruchirappalli	Tamil Nadu	M.A.M. College of Engineering and Technology, Tiruchirappalli-Chennai Trunk Road
Tiruchirappalli	Tamil Nadu	M.A.M. College of Engineering, Siruganur
Tiruchirappalli	Tamil Nadu	M.A.M. School of Engineering, Siruganur
Chennai	Tamil Nadu	Madha Engineering College, Kundrathur
Chennai	Tamil Nadu	Madha Institute of Engineering and Technology, Erandamkattalai Village
Sivaganga	Tamil Nadu	Madurai Institute of Engineering and Technology, Pottapalayam Village
Salem	Tamil Nadu	Maha Bharathi Engineering College, A Vasudevanur
Tenkasi	Tamil Nadu	Mahakavi Bharathiyar College of Engineering and Technology, Vasudevanallur
Tiruchirappalli	Tamil Nadu	Mahalakshmi Engineering College, Tiruchirappalli-Salem Highways
Pudukkottai	Tamil Nadu	Mahath Amma Institute of Engineering and Technology (MIET), Ariyur
Salem	Tamil Nadu	Mahendra College of Engineering, Attur Road
Namakkal	Tamil Nadu	Mahendra Engineering College (Autonomous), Mahendhirapuri
Namakkal	Tamil Nadu	Mahendra Engineering College for Women, Kumaramangalam
Namakkal	Tamil Nadu	Mahendra Institute of Engineering and Technology, Mahendrapuri
Namakkal	Tamil Nadu	Mahendra Institute of Technology (Autonomous), Mahendhirapuri
Viluppuram	Tamil Nadu	Mailam Engineering College, Mailam
Madurai	Tamil Nadu	Mangayarkarasi College of Engineering, First Street
Kanyakumari	Tamil Nadu	MAR Ephraem College of Engineering & Technology, Malankara Hills
Kanyakumari	Tamil Nadu	Maria College of Engineering and Technology, Attoor Puliyamoodu Junction
Kanyakumari	Tamil Nadu	Marthandam College of Engineering & Technology, Kuttakuzhi
Chennai	Tamil Nadu	Meenakshi College of Engineering, Vembuliamman Koil Street
Tiruchirappalli	Tamil Nadu	Meenakshi Ramaswamy Engineering College, Tiruchirappalli Main Road
Chennai	Tamil Nadu	Meenakshi Sundararajan Engineering College, Kodambakkam
Virudhunagar	Tamil Nadu	Mepco Schlenk Engineering College (Autonomous)
Chennai	Tamil Nadu	Misrimal Navajee Munoth Jain Engineering College, Rajiv Gandhi Salai (OMR)
Ramanathapuram	Tamil Nadu	Mohamed Sathak Engineering College, Kilakarai
Chengalpattu	Tamil Nadu	Mohammed Sathak A J College of Engineering, Old Mahabalipuram Road (OMR)
Pudukkottai	Tamil Nadu	Mookambigai College of Engineering, Keeranur
Pudukkottai	Tamil Nadu	Mother Terasa College of Engineering and Technology, Mettusalai and Taluk
Pudukkottai	Tamil Nadu	Mount Zion College of Engineering and Technology, Pilivalam
Namakkal	Tamil Nadu	Muthayammal College of Engineering, Kakkaveri
Namakkal	Tamil Nadu	Muthayammal Engineering College (Autonomous), Rasipuram
Dindigul	Tamil Nadu	N P R College of Engineering and Technology, Natham
Madurai	Tamil Nadu	N S N College of Engineering and Technology, Karur
Theni	Tamil Nadu	Nadar Saraswathi College of Engineering and Technology, Vadupudupatti
Erode	Tamil Nadu	Nandha College of Technology, Pitchandampalayam
Erode	Tamil Nadu	Nandha Engineering College (Autonomous), Pitchandampalayam
Salem	Tamil Nadu	Narasu's Sarathy Institute of Technology, Poosaripatty Village
Kanyakumari	Tamil Nadu	Narayanaguru College of Engineering, Manjalumoodu
Thoothukudi	Tamil Nadu	National Engineering College (Autonomous), Kovilpatti
Coimbatore	Tamil Nadu	Nehru Institute of Engineering and Technology, Thirumalayampalayam
Coimbatore	Tamil Nadu	Nehru Institute of Technology, Thirumalayampalayam
Tirunelveli	Tamil Nadu	Nellai College of Engineering (Formerly National College of Engineering), Maruthakulam
Ariyalur	Tamil Nadu	Nelliandavar Institute of Technology, Nerunjikorai Village
Chennai	Tamil Nadu	New Prince Shri Bhavani College of Engineering and Technology, Vengaivasal Main Road
Tiruchirappalli	Tamil Nadu	OASYS Institute of Technology , Pulivalam Village
Tiruvannamalai	Tamil Nadu	Oxford College of Engineering, Venmani Village
Tiruchirappalli	Tamil Nadu	Oxford Engineering College,Karumandapam
Coimbatore	Tamil Nadu	P A College of Engineering and Technology (Autonomous), Palladam Road
Kancheepuram	Tamil Nadu	P B College of Engineering, Irungkattukottai
Namakkal	Tamil Nadu	P G P College of Engineering and Technology, Paramathi
Thanjavur	Tamil Nadu	P R Engineering College, Vallam
Dindigul	Tamil Nadu	P S N A Colllege of Engineering and Technology, Dindigul
Virudhunagar	Tamil Nadu	P S R Engineering College (Autonomous)
Krishnagiri	Tamil Nadu	P S V College of Engineeering and Technology, Mittapalli
Kancheepuram	Tamil Nadu	P T Lee Chengalvaraya Naicker College of Engineering and Technology, Oovery
Madurai	Tamil Nadu	P T R College of Engineering and Technology, Thanapandiyan Nagar
Virudhunagar	Tamil Nadu	P.S.R.R College of Engineering, Appayanaickenpatti
Namakkal	Tamil Nadu	Paavai College of Engineering
Namakkal	Tamil Nadu	Paavai Engineering College (Autonomous)
Kancheepuram	Tamil Nadu	Pallavan College of Engineering, Thimmasamudram
Sivaganga	Tamil Nadu	Pandian Saraswathi Yadav Engineering College, Thirumansolai
Chennai	Tamil Nadu	Panimalar Engineering College (Autonomous), Nazarethpet
Chennai	Tamil Nadu	Panimalar Engineering College Chennai City Campus
Thanjavur	Tamil Nadu	Parisutham Institute of Technology and Science, Ring Road
Coimbatore	Tamil Nadu	Park College of Engineering and Technology, Kaniyur
Coimbatore	Tamil Nadu	Park College of Technology, Prema Ravi Nagar
Tiruchirappalli	Tamil Nadu	Pavendar Bharathidasan College of Engineering and Technology, Pudukkottai Main Road
Chennai	Tamil Nadu	PERI Institute of Technology, Mannivakkam
Tirunelveli	Tamil Nadu	PET Engineering College, Vallioor
Chennai	Tamil Nadu	PMR Engineering College,Adayalampattu
Tirupattur	Tamil Nadu	Podhigai College of Engineering and Technology, Vinayakapuram
Coimbatore	Tamil Nadu	Pollachi Institute of Engineering and Technology, Main Road
Kanyakumari	Tamil Nadu	Ponjesly College of Engineering, Vettornimadam
Coimbatore	Tamil Nadu	PPG Institute of Technology, Vilankurichi Village
Tiruvallur	Tamil Nadu	Prathyusha Engineering college, Aranvoyalkuppam
Chennai	Tamil Nadu	Prince Dr. K Vasudevan College of Engineering and Technology, Medavakkam-Mambakkam Road
Chennai	Tamil Nadu	Prince Shri Venkateshwara Padmavathy Engineering College, Ponmar
Tirupattur	Tamil Nadu	Priyadarshini Engineering College, Vaniyambadi
Coimbatore	Tamil Nadu	PSG College of Technology (Autonomous), Peelamedu
Coimbatore	Tamil Nadu	PSG Institute of Technology and Applied Research, Avinashi Road
Tirunelveli	Tamil Nadu	PSN College of Engineering and Technology (Autonomous),Melathediyoor
Tirunelveli	Tamil Nadu	PSN Engineering College, Melathediyoor
Tirunelveli	Tamil Nadu	PSN Institute of Technology and Science,Melathediyoor
Tiruvallur	Tamil Nadu	R M D Engineering College (Autonomous), Kavaraipettai
Tiruvallur	Tamil Nadu	R M K College of Engineering and Technology (Autonomous), Puduvoyal
Tiruvallur	Tamil Nadu	R M K Engineering College (Autonomous), Kavaraipettai
Coimbatore	Tamil Nadu	R V S College of Engineering and Technology, Kannampalayam
Dindigul	Tamil Nadu	R V S College of Engineering, N Paraipatti
Dindigul	Tamil Nadu	R V S Educational Trust\[CloseCurlyQuote]s Groups of Institutions (Integrated Campus), N Paraipatti
Coimbatore	Tamil Nadu	R V S Technical Campus-Coimbatore, Kumaran Kottam Campus
Kancheepuram	Tamil Nadu	Rajalakshmi Engineering College (Autonomous), Thandalam
Kancheepuram	Tamil Nadu	Rajalakshmi Institute of Technology, Irulapalayam
Kanyakumari	Tamil Nadu	Rajas Institute of Technology , Ozhuginasery
Kancheepuram	Tamil Nadu	Rajiv Gandhi College of Engineering, Nemili
Virudhunagar	Tamil Nadu	Ramco Institute of Technology, North venganallur Village
Ranipet	Tamil Nadu	Ranipettai Engineering College, Thenkadappanthangal
Coimbatore	Tamil Nadu	Rathinam Technical Campus, Pollachi Road
Virudhunagar	Tamil Nadu	Renganayagi Varatharaj College of Engineering, Salvarpatti
Perambalur	Tamil Nadu	Roever Engineering College, Elambalur
Kanyakumari	Tamil Nadu	Rohini College of Engineering & Technology, Anjugramam-Kanyakumari Main Road
Kancheepuram	Tamil Nadu	Rrase College of Engineering, Padappai
Chennai	Tamil Nadu	S A Engineering College (Autonomous), Thiruverkadu
Tiruvannamalai	Tamil Nadu	S K P Engineering College
Chennai	Tamil Nadu	S K R Engineering College, Poonamallee
Namakkal	Tamil Nadu	S S M College of Engineering, Komarapalayam
Tenkasi	Tamil Nadu	S Veerasamy Chettiar College of Engineering and Technology, Puliangudi
Madurai	Tamil Nadu	SACS-M A V M M Engineering College, Kidaripatty
Salem	Tamil Nadu	Salem College of Engineering and Technology
Tiruvallur	Tamil Nadu	SAMS College of Engineering and Technology, Panappakkam
Tiruchirappalli	Tamil Nadu	Saranathan College of Engineering, Panjappur
Viluppuram	Tamil Nadu	Saraswathy College of Engineering and Technology
Tenkasi	Tamil Nadu	Sardar Raja College of Engineering, Alangulam
Tiruppur	Tamil Nadu	Sasurie College of Engineering, Vijayamangalam
Kanyakumari	Tamil Nadu	Satyam College of Engineering and Technology,Satyam Nagar
Kancheepuram	Tamil Nadu	Saveetha Engineering College (Autonomous), Thandalam
Dindigul	Tamil Nadu	SBM College of Engineering and Technology, Thamaraipady
Tirunelveli	Tamil Nadu	SCAD College of Engineering and Technology, Cheranmahadevi
Chennai	Tamil Nadu	School of Architecture and Planning, Anna University
Namakkal	Tamil Nadu	Selvam College of Technology, Pappanaickenpatti
Nagapattinam	Tamil Nadu	Sembodai Rukmani Varatharajan Engineering College, Sembodai Village
Namakkal	Tamil Nadu	Sengunthar Engineering College (Autonomous), Tiruchengode
Virudhunagar	Tamil Nadu	Sethu Institute of Technology (Autonomous), Kariapatti
Pudukkottai	Tamil Nadu	Shanmuganathan Engineering College, Pillivalam
Tiruchirappalli	Tamil Nadu	Shivani Engineering College, Tiruchirappalli-Dindigul NH Road
Chengalpattu	Tamil Nadu	Shree Motilal Kanhaiyalal (SMK)Fomra Institute of Technology, Old Mahabalipuram Road (OMR)
Salem	Tamil Nadu	Shree Sathyam College of Engineering and Technology
Erode	Tamil Nadu	Shree Venkateshwara Hi-Tech Engineering College, Othakuthirai
Dharmapuri	Tamil Nadu	Shreenivasa Engineering College, B Pallipatti
Nagapattinam	Tamil Nadu	Sir Issac Newton College of Engineering and Technology, Anthanapeetai
Kanyakumari	Tamil Nadu	Sivaji College of Engineering and Technology, Manivilla Palulai Panchayat
Coimbatore	Tamil Nadu	SNS College of Engineering (Autonomous), Sathy Main Road
Coimbatore	Tamil Nadu	SNS College of Technology (Autonomous), Kalappatti
Madurai	Tamil Nadu	Solamalai College of Engineering, Veerapanjan
Salem	Tamil Nadu	Sona College of Technology (Autonomous), Suramangalam
Vellore	Tamil Nadu	Sree Krishna College of Engineering, Anaicut
Coimbatore	Tamil Nadu	Sree Sakthi Engineering College, Bettathapuram
Chennai	Tamil Nadu	Sree Sastha Institute of Engineering and Technology, Chembarambakkam
Virudhunagar	Tamil Nadu	Sree Sowdambika College of Engineering
Namakkal	Tamil Nadu	SRG Engineering College, Aniyapuram
Tiruvannamalai	Tamil Nadu	Sri Balaji Chockalingam Engineering College, Arni
Pudukkottai	Tamil Nadu	Sri Bharathi Engineering College for Women, Kaikkuruchi Village
Coimbatore	Tamil Nadu	Sri Eshwar College of Engineering (Autonomous), Kondampatti
Tiruvallur	Tamil Nadu	Sri Jayaram Institute of Engineering and Technology
Ranipet	Tamil Nadu	Sri Krishna College of Engineering, Tiruttani High Road
Coimbatore	Tamil Nadu	Sri Krishna College of Enginering and Technology (Autonomous) , Kuniamuthur
Coimbatore	Tamil Nadu	Sri Krishna College of Technology (Autonomous) , Kovaipudur
Chennai	Tamil Nadu	Sri Krishna Engineering College, Panappakkam
Chennai	Tamil Nadu	Sri Krishna Institute of Technology, Panapakkam
Chennai	Tamil Nadu	Sri Muthukumaran Institute of Technology, Near Mangadu
Sivaganga	Tamil Nadu	Sri Raajaraajan College of Engineering & Technology, Amaravathi Village
Tiruvallur	Tamil Nadu	Sri Ram Engineering College, Perumalpattu
Perambalur	Tamil Nadu	Sri Ramakrishna College of Engineering, Sri Saradha Nagar
Coimbatore	Tamil Nadu	Sri Ramakrishna Engineering College (Autonomous), Vattamalaipalayam
Coimbatore	Tamil Nadu	Sri Ramakrishna Institute of Technology (Autonomous), Pachapalayam
Chennai	Tamil Nadu	Sri Ramanujar Engineering College, Vandalur
Coimbatore	Tamil Nadu	Sri Ranganathar Institute of Engineering and Technology, Thudialur-Kovilpalay Road
Viluppuram	Tamil Nadu	Sri Rangapoopathi College of Engineering, Alampoondi Village
Chennai	Tamil Nadu	Sri Sai Ram Enginering College (Autonomous), West Tambaram
Chennai	Tamil Nadu	Sri Sai Ram Institute of Technology (Autonomous), West Tambaram
Coimbatore	Tamil Nadu	Sri Sai Ranganathan Engineering College, Zahirnaickenpalayam Village
Coimbatore	Tamil Nadu	Sri Shakthi Institute of Engineering and Technology (Autonomous)
Salem	Tamil Nadu	Sri Shanmugha College of Engineering and Technology, Morur Bit II Village
Chengalpattu	Tamil Nadu	Sri Sivasubramaniya Nadar College of Engineering (Autonomous), Kalavakkam
Dindigul	Tamil Nadu	Sri Subramanya College of Engineering and Technology, Sukkamanaickanpatti
Kancheepuram	Tamil Nadu	Sri Venkateswara College of Engineering (Autonomous)
Tiruvallur	Tamil Nadu	Sri Venkateswara College of Engineering and Technology, Thirupachur
Tiruvallur	Tamil Nadu	Sri Venkateswara Institute of Science and Technology, Kozhundalur
Kancheepuram	Tamil Nadu	Sri Venkateswaraa College of Technology, Sirukulathur
Virudhunagar	Tamil Nadu	Sri Vidya College of Engineering and Technology, Sivakasi Main Road
Tiruchirappalli	Tamil Nadu	SRM TRP Engineering College, Irungalur
Chennai	Tamil Nadu	SRM Valliammai Engineering College (Autonomous), Kattankulathur
Dindigul	Tamil Nadu	SSM Institute of Engineering and Technology, Kuttathupatti Village
Cuddalore	Tamil Nadu	St. Anne's College of Engineering and Technology, Anguchettypalayam
Kancheepuram	Tamil Nadu	St. Joseph College of Engineering, Trinity Campus
Chennai	Tamil Nadu	St. Joseph College of Engineering (Autonomous), Old Mahabalipuram Road (OMR)
Thanjavur	Tamil Nadu	St. Joseph's College of Engineering and Technology, Elupatti Village
Chennai	Tamil Nadu	St. Josephs Institute of Technology (Autonomous), Jeppiaar Nagar
Sivaganga	Tamil Nadu	St. Michael College of Engineering and Technology, Kalayarkoil
Thoothukudi	Tamil Nadu	St. Mother Theresa Engineering College, Vagaikulam
Chennai	Tamil Nadu	St. Peters College of Engineering and Technology, College Road
Kanyakumari	Tamil Nadu	St. Xavier's Catholic College of Engineering, Chunkankadai
Thanjavur	Tamil Nadu	Star Lion College of Engineering and Technology
Kanyakumari	Tamil Nadu	Stella Mary's College of Engineering, Arunthengan Vilai
Coimbatore	Tamil Nadu	Studyworld College of Engineering, Madukarai
Pudukkottai	Tamil Nadu	Sudharsan Engineering College, Sathiyamangalam
Coimbatore	Tamil Nadu	Suguna College of Engineering, Kalappatti Road
Kanyakumari	Tamil Nadu	Sun College of Engineering and Technology
Tiruchirappalli	Tamil Nadu	Surya College of Engineering, Konalai
Erode	Tamil Nadu	Surya Engineering College, Mettukadai
Viluppuram	Tamil Nadu	Surya Group of Institutions
Ramanathapuram	Tamil Nadu	Syed Ammal Engineering College, Achuthan Vayal
Tiruvallur	Tamil Nadu	T J S Engineering College, Peruvoyal
Chennai	Tamil Nadu	T.J Institute of Technology, Karapakkam
Chennai	Tamil Nadu	Tagore Engineering College, Rathnamangalam
Salem	Tamil Nadu	Tagore Institute of Engineering and Technology, Deviyakurichi
Coimbatore	Tamil Nadu	Tamilnadu College of Engineering, Karumathampatti
Tirunelveli	Tamil Nadu	Thamirabharani Engineering College, Chathirampudukulam Village
Chennai	Tamil Nadu	Thangavelu Engineering College, Karappakkam
Vellore	Tamil Nadu	Thanthai Periyar Government Institute of Technology, Bagayam
Salem	Tamil Nadu	The Kavery Engineering College
Theni	Tamil Nadu	Theni Kammavar Sangam College of Technology, Theni Main Road
Madurai	Tamil Nadu	Thiagarajar College of Engineering (Autonomous),Tirupparankundram
Kancheepuram	Tamil Nadu	Thirumalai Engineering College, Kilambi
Tiruvannamalai	Tamil Nadu	Thiruvalluvar College of Engineering and Technology, Vandavasi
Tiruchirappalli	Tamil Nadu	Tiruchirappalli Engineering College, Konalai
Kanyakumari	Tamil Nadu	Udaya School of Engineering, Ammandivilai
Madurai	Tamil Nadu	Ultra College of Engineering and Technology, Kodikulam
Coimbatore	Tamil Nadu	United Institute of Technology, Gadalore Village
Tirunelveli	Tamil Nadu	Universal College of Engineering and Technology, Anbagam Campus
Ariyalur	Tamil Nadu	University College of Engineering, Ariyalur
Tiruvannamalai	Tamil Nadu	University College of Engineering, Arni
Dindigul	Tamil Nadu	University College of Engineering, Dindigul
Kancheepuram	Tamil Nadu	University College of Engineering, Kancheepuram (Kanchipuram)
Kanyakumari	Tamil Nadu	University College of Engineering, Nagercoil
Cuddalore	Tamil Nadu	University College of Engineering, Panruti
Thanjavur	Tamil Nadu	University College of Engineering, Pattukkottai
Ramanathapuram	Tamil Nadu	University College of Engineering, Ramanathapuram
Nagapattinam	Tamil Nadu	University College of Engineering, Thirukkuvalai
Viluppuram	Tamil Nadu	University College of Engineering, Tindivanam
Tiruchirappalli	Tamil Nadu	University College of Engineering, Tiruchirappalli
Viluppuram	Tamil Nadu	University College of Engineering, Viluppuram
Chennai	Tamil Nadu	University Departments of Anna University, Chennai - ACT Campus
Chennai	Tamil Nadu	University Departments of Anna University, Chennai - CEG Campus
Chennai	Tamil Nadu	University Departments of Anna University, Chennai - MIT Campus
Thoothukudi	Tamil Nadu	University V.O.C. College of Engineering, Thoothukudi
Thoothukudi	Tamil Nadu	Unnamalai Institute of Technology, Ayyaneri
Viluppuram	Tamil Nadu	V R S College of Engineering and Technology, Arasur
Salem	Tamil Nadu	V S A Group of Institutions
Coimbatore	Tamil Nadu	V S B College of Engineering Technical Campus, Ealur Pirivu
Karur	Tamil Nadu	V S B Engineering College
Thoothukudi	Tamil Nadu	V V College of Engineering, Arasoor Village
Madurai	Tamil Nadu	Vaigai College of Engineering, Therkutheru
Thanjavur	Tamil Nadu	Vandayar Engineering College, Pulavarnatham
Dharmapuri	Tamil Nadu	Varuvan Vadivelan Institute of Technology, Nallanahalli
Dindigul	Tamil Nadu	Veerammal Engineering College
Chennai	Tamil Nadu	Vel Tech High Tech Dr. Rangarajan Dr. Sakunthala Engineering College (Autonomous), Avadi-Alamathi Road
Chennai	Tamil Nadu	Vel Tech Multi Tech Dr. Rangarajan Dr. Sakunthala Engineering College (Autonomous), Avadi-Alamathi Road
Erode	Tamil Nadu	Velalar College of Engineering and Technology (Autonomous), Thindal
Madurai	Tamil Nadu	Velammal College of Engineering and Technology
Chennai	Tamil Nadu	Velammal Engineering College (Autonomous)
Tiruvallur	Tamil Nadu	Velammal Institute of Technology
Tiruchirappalli	Tamil Nadu	Vetri Vinayaha College of Engineering and Technology, Namakkal-Tiruchirappalli Main Road
Chengalpattu	Tamil Nadu	Vi Institute of Technology
Namakkal	Tamil Nadu	Vidyaa Vikas College of Engineering and Technology, Varahoorampatti
Kanyakumari	Tamil Nadu	Vins Christian College of Engineering, Chunkankadai
Namakkal	Tamil Nadu	Vivekanandha College of Technology for Women, Sathinaickenpalayam
Virudhunagar	Tamil Nadu	Sri Vidya College of Engineering and Technology, Sivakasi Main Road, P Kumaralinapuram, Virudhunagar District 626005